{"1": 1764973612.51843, "2": 1764973612.5430834, "3": 1764978660.5863657, "4": 1764973612.5980327, "5": 1764982809.708115}