{"1": 1764973612.51843, "2": 1764973612.5430834, "3": 1764976325.9037879, "4": 1764973612.5980327, "5": 1764973612.654164}